"gw_id","park"
"1000000018",芜湖厂区
"1000000020",芜湖厂区
"1000000021",芜湖厂区
"1000000022",芜湖厂区
"1000000023",芜湖厂区
"1000000024",芜湖厂区
"1000000025",芜湖厂区
"1000000026",芜湖厂区
"1000000028",芜湖厂区
"1000000029",芜湖厂区
"1000000031",芜湖厂区
"1000000032",芜湖厂区
"1000000033",芜湖厂区
"1000000037",芜湖厂区
"1000000082",芜湖厂区
"1000000083",芜湖厂区
"1000000084",芜湖厂区
"1000000085",芜湖厂区
"1000000086",芜湖厂区
"1000000087",芜湖厂区
"1000000770",芜湖厂区
"1000000771",芜湖厂区
"1000000949",芜湖厂区
"1000001025",芜湖厂区
"1000002803",芜湖厂区
"1000002805",芜湖厂区
"1000002807",芜湖厂区
"1000002808",芜湖厂区
"1000003062",芜湖厂区
"1000003067",芜湖厂区
"1000003072",芜湖厂区
"1000003091",芜湖厂区
"1000003097",芜湖厂区
"1000003101",芜湖厂区
"1000003104",芜湖厂区
"1000003107",芜湖厂区
"1000003117",芜湖厂区
"1000003122",芜湖厂区
"1000003126",芜湖厂区
"1000003128",芜湖厂区
"1000003131",芜湖厂区
"1000005838",芜湖厂区
"1000007811",芜湖厂区
"1000010701",芜湖厂区
"1000010705",芜湖厂区
"1000010713",芜湖厂区
"1000010719",芜湖厂区
"1000011025",芜湖厂区
"1000011026",芜湖厂区
"1000011046",芜湖厂区
"1000011359",芜湖厂区
"1000011516",芜湖厂区
"1000012277",芜湖厂区
"1000012359",芜湖厂区
"1000012519",芜湖厂区
"1000012520",芜湖厂区
"1000012521",芜湖厂区
"1000012537",芜湖厂区
"1000012538",芜湖厂区
"1000012539",芜湖厂区
"1000012540",芜湖厂区
"1000012563",天津厂区
"1000012568",天津厂区
"1000012574",天津厂区
"1000012833",芜湖厂区
"1000012844",芜湖厂区
"1000013247",芜湖厂区
"1000015413",芜湖厂区
"1000015525",芜湖厂区
"1000015531",天津厂区
"1000015533",天津厂区
"1000015535",天津厂区
"1000015538",天津厂区
"1000015541",天津厂区
"1000015543",天津厂区
"1000015547",天津厂区
"1000015550",天津厂区
"1000015551",天津厂区
"1000015553",天津厂区
"1000015555",天津厂区
"1000015557",天津厂区
"1000015560",天津厂区
"1000015561",天津厂区
"1000015562",天津厂区
"1000015563",天津厂区
"1000015564",天津厂区
"1000015565",天津厂区
"1000015566",天津厂区
"1000015567",天津厂区
"1000015569",天津厂区
"1000015571",天津厂区
"1000015572",天津厂区
"1000015573",天津厂区
"1000015971",芜湖厂区
"1000016030",芜湖厂区
"1000016095",天津厂区
"1000016100",天津厂区
"1000016101",天津厂区
"1000016130",天津厂区
"1000016131",天津厂区
"1000016184",天津厂区
"1000016204",天津厂区
"1000016208",天津厂区
"1000017001",天津厂区
"1000017034",天津厂区
"1000017035",天津厂区
"1000017042",天津厂区
"1000017510",芜湖厂区
"1000017511",芜湖厂区
"1000017536",芜湖厂区
"1000017951",芜湖厂区
"1000017956",天津厂区
"1000017957",天津厂区
"1000017958",天津厂区
"1000017959",天津厂区
"1000018743",天津厂区
"1000018757",天津厂区
"1000018765",芜湖厂区
"1000019475",天津厂区
"1000019476",天津厂区
"1000019478",天津厂区
"1000019479",天津厂区
"1000020791",芜湖厂区
"1000020813",天津厂区
"1000020816",天津厂区
"1000020944",天津厂区
"1000021397",天津厂区
"1000021398",天津厂区
"1000021575",天津厂区
"1000021576",天津厂区
"1000021577",天津厂区
"1000021620",天津厂区
"1000026423",芜湖厂区
"1000026425",芜湖厂区
"1000027303",天津厂区
"1000027305",天津厂区
"1000027307",天津厂区
"1000027308",天津厂区
"1000027310",天津厂区
"1000027311",天津厂区
"1000027313",天津厂区
"1000027315",天津厂区
"1000027317",天津厂区
"1000035530",芜湖厂区
"1000035536",芜湖厂区
"1000046668",营口厂区
"1000046678",营口厂区
"1000046700",营口厂区
"1000046707",营口厂区
"1000046713",营口厂区
"1000046867",芜湖厂区
"1000046868",芜湖厂区
"1000046872",芜湖厂区
"1000046878",芜湖厂区
"1000046880",芜湖厂区
"1000046886",芜湖厂区
"1000047882",营口厂区
"1000047884",营口厂区
"1000047886",营口厂区
"1000047888",营口厂区
"1000047894",营口厂区
"1000047902",营口厂区
"1000053718",德阳厂区
"1000053739",德阳厂区
"1000053752",德阳厂区
"1000053767",德阳厂区
"1000053850",德阳厂区
"1000053882",德阳厂区
"1000053920",德阳厂区
"1000054354",德阳厂区
"1000054423",德阳厂区
"1000054443",德阳厂区
"1000170449",芜湖厂区
"1000176541",芜湖厂区
"1000176775",芜湖厂区
"1000209467",芜湖厂区
"1000218310",德阳厂区
"1000218365",德阳厂区
"1000219081",德阳厂区
"1000219111",德阳厂区
"1000219160",德阳厂区
"1000219171",德阳厂区
"1000219198",德阳厂区
"1000219214",德阳厂区
"1000219227",德阳厂区
"1000219582",德阳厂区
"1000224929",天津厂区
"1000227613",芜湖厂区
"1000227652",芜湖厂区
"1000227665",芜湖厂区
"1000255484",天津厂区
"1000258179",芜湖厂区
"1000259636",芜湖厂区
"1000269852",营口厂区
"1000270012",营口厂区
"1000276477",芜湖厂区
"1000276487",芜湖厂区
"1000276490",芜湖厂区
"1000276782",芜湖厂区
"1000279680",营口厂区
"1000279692",营口厂区
"1000279843",江门厂区
"1000281247",芜湖厂区
"1000281257",芜湖厂区
"1000281270",芜湖厂区
"1000287266",营口厂区
"1000287289",营口厂区
"1000287296",营口厂区
"1000287313",营口厂区
"1000287317",营口厂区
"1000287327",德阳厂区
"1000287342",营口厂区
"1000287346",营口厂区
"1000287362",营口厂区
"1000294125",营口厂区
"1000294137",营口厂区
"1000294255",营口厂区
"1000294357",营口厂区
"1000294512",东莞厂区
"1000299424",东莞厂区
"1000299587",东莞厂区
"1000299682",东莞厂区
"1000299684",东莞厂区
"1000299686",东莞厂区
"1000299992",东莞厂区
"1000300861",东莞厂区
"1000300891",天津厂区
"1000300896",天津厂区
"1000300950",东莞厂区
"1000300952",天津厂区
"1000300953",天津厂区
"1000300956",东莞厂区
"1000300959",东莞厂区
"1000300961",东莞厂区
"1000300965",东莞厂区
"1000300969",东莞厂区
"1000300970",东莞厂区
"1000300971",东莞厂区
"1000301232",天津厂区
"1000301349",东莞厂区
"1000301563",德阳厂区
"1000301566",德阳厂区
"1000301567",德阳厂区
"1000301568",德阳厂区
"1000301569",德阳厂区
"1000301570",德阳厂区
"1000301584",德阳厂区
"1000301586",德阳厂区
"1000301592",德阳厂区
"1000301593",德阳厂区
"1000301594",德阳厂区
"1000301600",德阳厂区
"1000301607",德阳厂区
"1000301608",德阳厂区
"1000301610",德阳厂区
"1000301611",德阳厂区
"1000301612",德阳厂区
"1000301697",德阳厂区
"1000301698",德阳厂区
"1000301700",德阳厂区
"1000301701",德阳厂区
"1000301703",德阳厂区
"1000301940",江门厂区
"1000301941",江门厂区
"1000301942",江门厂区
"1000301943",江门厂区
"1000301945",江门厂区
"1000301946",江门厂区
"1000301947",江门厂区
"1000302141",江门厂区
"1000302261",江门厂区
"1000302416",江门厂区
"1000302420",江门厂区
"1000302547",江门厂区
"1000302584",东莞厂区
"1000302585",东莞厂区
"1000302587",东莞厂区
"1000302589",东莞厂区
"1000302737",江门厂区
"1000302738",江门厂区
"1000303193",江门厂区
"1000303196",东莞厂区
"1000303197",东莞厂区
"1000303198",东莞厂区
"1000303362",天津厂区
"1000304144",江门厂区
"1000304145",江门厂区
"1000304153",江门厂区
"1000304154",江门厂区
"1000304155",江门厂区
"1000304156",江门厂区
"1000304157",江门厂区
"1000304502",天津厂区
"1000305424",东莞厂区
"1000305597",江门厂区
"1000305598",江门厂区
"1000305599",江门厂区
"1000305600",江门厂区
"1000305601",江门厂区
"1000305602",江门厂区
"1000305604",江门厂区
"1000306052",东莞厂区
"1000306053",东莞厂区
"1000306054",东莞厂区
"1000306055",东莞厂区
"1000306056",东莞厂区
"1000306057",东莞厂区
"1000306086",东莞厂区
"1000306087",东莞厂区
"1000306088",东莞厂区
"1000306230",东莞厂区
"1000307169",东莞厂区
"1000307280",江门厂区
"1000309077",德阳厂区
"1000309619",东莞厂区
"1000309623",东莞厂区
"1000309634",东莞厂区
"1000309636",东莞厂区
"1000309637",东莞厂区
"1000309638",东莞厂区
"1000309639",东莞厂区
"1000310020",东莞厂区
"1000312131",江门厂区
"1000312132",江门厂区
"1000312133",江门厂区
"1000312241",江门厂区
"1000312267",东莞厂区
"1000312268",东莞厂区
"1000312269",东莞厂区
"1000312275",东莞厂区
"1000312283",江门厂区
"1000312284",江门厂区
"1000312285",东莞厂区
"1000312339",东莞厂区
"1000312340",东莞厂区
"1000312343",东莞厂区
"1000312346",江门厂区
"1000312354",东莞厂区
"1000312378",东莞厂区
"1000312380",东莞厂区
"1000312856",江门厂区
"1000312859",江门厂区
"1000313318",江门厂区
"1000313319",江门厂区
"1000313351",东莞厂区
"1000313622",江门厂区
"1000313623",江门厂区
"1000313857",江门厂区
"1000313859",江门厂区
"1000314234",东莞厂区
"1000314313",江门厂区
"1000314328",江门厂区
"1000314684",东莞厂区
"1000314811",江门厂区
"1000314816",东莞厂区
"1000314817",东莞厂区
"1000314818",东莞厂区
"1000314898",江门厂区
"1000315106",江门厂区
"1000315394",江门厂区
"1000315400",江门厂区
"1000316928",北海厂区
"1000317711",东莞厂区
"1000317734",北海厂区
"1000317933",北海厂区
"1000319719",江门厂区
"1000319720",北海厂区
"1000320054",北海厂区
"1000320815",东莞厂区
"1000321478",北海厂区
"1000321479",北海厂区
"1000321502",北海厂区
"1000321510",北海厂区
"1000321522",北海厂区
"1000321525",北海厂区
"1000321755",北海厂区
"1000321767",北海厂区
"1000323833",北海厂区
"1000323847",北海厂区
"1000323870",江门厂区
"1000323902",北海厂区
"1000323909",北海厂区
"1000323915",北海厂区
"1000323916",北海厂区
"1000323924",北海厂区
"1000324132",北海厂区
"1000324133",北海厂区
"1000324435",张家港厂区
"1000324437",张家港厂区
"1000324440",张家港厂区
"1000324441",张家港厂区
"1000324453",张家港厂区
"1000324456",张家港厂区
"1000324458",张家港厂区
"1000325050",北海厂区
"1000325210",北海厂区
"1000325463",北海厂区
"1000327622",北海厂区
"1000327669",北海厂区
"1000327671",北海厂区
"1000327742",张家港厂区
"1000327765",张家港厂区
"1000328259",芜湖厂区
"1000328266",芜湖厂区
"1000328386",芜湖厂区
"1000328452",芜湖厂区
"1000328453",北海厂区
"1000328457",北海厂区
"1000328594",芜湖厂区
"1000328596",芜湖厂区
"1000329724",北海厂区
"1000329729",北海厂区
"1000329760",北海厂区
"1000329761",北海厂区
"1000329765",北海厂区
"1000330892",北海厂区
"1000332278",北海厂区
"1000332280",北海厂区
"1000332283",北海厂区
"1000332286",北海厂区
"1000332289",北海厂区
"1000332291",北海厂区
"1000332292",北海厂区
"1000332293",北海厂区
"1000332295",北海厂区
"1000332296",北海厂区
"1000332320",北海厂区
"1000332321",北海厂区
"1000332327",张家港厂区
"1000332328",张家港厂区
"1000332329",张家港厂区
"1000332330",张家港厂区
"1000332341",北海厂区
"1000332342",北海厂区
"1000334781",北海厂区
"1000334826",张家港厂区
"1000334827",张家港厂区
"1000334829",张家港厂区
"1000334832",张家港厂区
"1000334834",张家港厂区
"1000334835",张家港厂区
"1000336708",营口厂区
"1000336774",芜湖厂区
"1000337057",张家港厂区
"1000337059",张家港厂区
"1000337060",张家港厂区
"1000337118",张家港厂区
"1000337120",张家港厂区
"1000338578",张家港厂区
"1000339906",张家港厂区
"1000339907",张家港厂区
"1000339909",张家港厂区
"1000339911",张家港厂区
"1000339913",张家港厂区
"1000339918",张家港厂区
"1000341238",北海厂区
"1000341239",北海厂区
"1000341241",北海厂区
"1000341243",北海厂区
"1000347533",芜湖厂区
"1000347538",芜湖厂区
"1000347891",张家港厂区
"1000347894",张家港厂区
"1000347920",北海厂区
"1000347926",北海厂区
"1000347933",北海厂区
"1000347979",东莞厂区
"1000349499",北海厂区
"1000354154",芜湖厂区
"1000354169",芜湖厂区
"1000367348",德阳厂区
"1000387082",营口厂区
"1000387086",营口厂区
"1000387127",芜湖厂区
"1000391760",张家港厂区
"1000415826",江门厂区
"1000437547",江门厂区
"1000437554",江门厂区
"1000439598",北海厂区
"1000440812",北海厂区
"1000456139",芜湖厂区
"1000458061",江门厂区
"1000466134",张家港厂区
"1000474638",芜湖厂区
"1000474885",德阳厂区
"1000474888",德阳厂区
"1000474890",德阳厂区
"1000475162",德阳厂区
"1000475494",德阳厂区
"1000478473",营口厂区
"1000478956",营口厂区
"1000481720",芜湖厂区
"1000482248",营口厂区
"1000482254",天津厂区
"1000482255",天津厂区
"1000482258",天津厂区
"1000482288",张家港厂区
"1000482292",张家港厂区
"1000482896",营口厂区
"1000482897",张家港厂区
"1000482898",张家港厂区
"1000484650",天津厂区
"1000485315",天津厂区
"1000485322",天津厂区
"1000485334",天津厂区
"1000485339",天津厂区
"1000486126",德阳厂区
"1000486195",张家港厂区
"1000487335",张家港厂区
"1000487343",东莞厂区
"1000487346",东莞厂区
"1000488000",天津厂区
"1000488823",东莞厂区
"1000488844",张家港厂区
"1000489883",东莞厂区
"1000490266",张家港厂区
"1000491923",德阳厂区
"1000491984",东莞厂区
"1000492014",东莞厂区
"1000492658",东莞厂区
"1000494707",天津厂区
"1000494745",江门厂区
"1000495896",江门厂区
"1000502197",天津厂区
"1000502308",天津厂区
"1000506241",德阳厂区
"1000544091",张家港厂区
"1000571922",东莞厂区
"1000572796",东莞厂区
"1000572865",东莞厂区
"1000620108",张家港厂区
"1000620116",德阳厂区
"1000621254",营口厂区
"1000621258",德阳厂区
"1000628582",张家港厂区
"1000628599",张家港厂区
"1000628609",张家港厂区
"1000628625",张家港厂区
"1000635469",天津厂区
"1000635577",江门厂区
"1000635583",天津厂区
"1000636392",江门厂区
"1000641931",江门厂区
"1000642087",江门厂区
"1000643663",江门厂区
"1000643849",江门厂区
"1000650753",江门厂区
"1000659980",营口厂区
"1000660005",营口厂区
"1000670307",天津厂区
"1000673264",天津厂区
"1000675427",营口厂区
"1000675452",营口厂区
"1000675456",营口厂区
"1000676725",东莞厂区
"1000682628",东莞厂区
"1000682665",营口厂区
"1000696306",芜湖厂区
"1000723856",东莞厂区
"1000795981",江门厂区
"1000796347",江门厂区
"1000820815",德阳厂区
"1000828144",德阳厂区
"1000839821",江门厂区
"1000866289",北海厂区
"1000889570",芜湖厂区
"1000897198",营口厂区
"1000949012",芜湖厂区
